TAXON_ORDER,ENAME,CNAME
24287,Lesser Whitethroat,白喉林鶯
24645,Indian White-eye,印度繡眼
24662,Warbling White-eye,日菲繡眼
24678,Swinhoe's White-eye,斯氏繡眼
24140,Japanese Bush Warbler,日本樹鶯
6216,Silver Gull,紐澳紅嘴鷗
28222,Taiwan Shortwing,小翼鶇
7642,Eastern Marsh-Harrier,東方澤鵟
7290,African Sacred Ibis,埃及聖䴉
7291,Madagascar Sacred Ibis,馬島聖䴉
7643,Papuan Marsh-Harrier,巴布亞澤鵟
12039,Red-collared Lorikeet,紅領吸蜜鸚鵡
12040,Rainbow Lorikeet,彩虹吸蜜鸚鵡
232,Lesser Whistling-Duck,樹鴨
246,Graylag Goose,灰雁
250,Swan Goose,鴻雁
253,Greater White-fronted Goose,白額雁
262,Lesser White-fronted Goose,小白額雁
264,Taiga Bean-Goose,寒林豆雁
268,Tundra Bean-Goose,凍原豆雁
275,Brant,黑雁
286,Cackling Goose,小加拿大雁
297,Canada Goose,加拿大雁
330,Mute Swan,疣鼻天鵝
331,Black Swan,黑天鵝
335,Tundra Swan,小天鵝
341,Whooper Swan,黃嘴天鵝
365,Egyptian Goose,埃及雁
368,Ruddy Shelduck,瀆鳧
372,Common Shelduck,花鳧
388,Muscovy Duck,疣鼻棲鴨(薑母鴨)
392,Cotton Pygmy-Goose,棉鴨
397,Wood Duck,林鴛鴦
399,Mandarin Duck,鴛鴦
415,Baikal Teal,巴鴨
416,Garganey,白眉鴨
434,Northern Shoveler,琵嘴鴨
438,Gadwall,赤膀鴨
442,Falcated Duck,羅文鴨
443,Eurasian Wigeon,赤頸鴨
445,American Wigeon,葡萄胸鴨
465,Philippine Duck,呂宋鴨
469,Eastern Spot-billed Duck,花嘴鴨
471,Mallard,綠頭鴨
514,Northern Pintail,尖尾鴨
529,Green-winged Teal,小水鴨
569,Red-crested Pochard,赤嘴潛鴨
575,Canvasback,帆背潛鴨
579,Common Pochard,紅頭潛鴨
583,Ferruginous Duck,白眼潛鴨
586,Baer's Pochard,青頭潛鴨
591,Tufted Duck,鳳頭潛鴨
596,Greater Scaup,斑背潛鴨
602,Lesser Scaup,小斑背潛鴨
640,Long-tailed Duck,長尾鴨
642,Common Goldeneye,鵲鴨
650,Smew,白秋沙
658,Common Merganser,川秋沙
666,Red-breasted Merganser,紅胸秋沙
670,Scaly-sided Merganser,唐秋沙
1092,Taiwan Partridge,台灣山鷓鴣
1139,Indian Peafowl,藍孔雀
1185,Blue-breasted Quail,小鵪鶉
1197,Japanese Quail,鵪鶉
1345,Chinese Bamboo-Partridge,灰胸竹雞
1346,Taiwan Bamboo-Partridge,台灣竹雞
1430,Mikado Pheasant,黑長尾雉
1435,Golden Pheasant,紅腹錦雞
1436,Lady Amherst's Pheasant,白腹錦雞
1437,Ring-necked Pheasant,環頸雉
1514,Swinhoe's Pheasant,藍腹鷴
1716,American Flamingo,美洲红鸛
1717,Greater Flamingo,大紅鸛
1729,Little Grebe,小鸊鷉
1767,Horned Grebe,角鸊鷉
1770,Red-necked Grebe,赤頸鸊鷉
1773,Great Crested Grebe,冠鸊鷉
1777,Eared Grebe,黑頸鸊鷉
1798,Rock Pigeon,野鴿
1861,Ashy Wood-Pigeon,灰林鴿
1867,Japanese Wood-Pigeon,黑林鴿
1952,European Turtle-Dove,歐斑鳩
1959,Oriental Turtle-Dove,金背鳩
1968,Eurasian Collared-Dove,灰斑鳩
1994,Red Collared-Dove,紅鳩
2004,Spotted Dove,珠頸斑鳩
2016,Barred Cuckoo-Dove,斑尾鵑鳩
2049,Philippine Cuckoo-Dove,長尾鳩
2097,Asian Emerald Dove,翠翼鳩
2165,Zebra Dove,斑馬鳩
2414,Orange-breasted Green-Pigeon,橙胸綠鳩
2429,Thick-billed Green-Pigeon,厚嘴綠鳩
2485,White-bellied Green-Pigeon,綠鳩
2489,Whistling Green-Pigeon,紅頭綠鳩
2523,Black-chinned Fruit-Dove,小綠鳩
3023,Greater Coucal,褐翅鴉鵑
3042,Lesser Coucal,番鵑
3103,Chestnut-winged Cuckoo,冠郭公
3106,Pied Cuckoo,斑翅鳳頭鵑
3168,Asian Koel,噪鵑
3255,Plaintive Cuckoo,八聲杜鵑
3286,Fork-tailed Drongo-Cuckoo,烏鵑
3293,Square-tailed Drongo-Cuckoo,方尾烏鵑
3300,Large Hawk-Cuckoo,鷹鵑
3307,Northern Hawk-Cuckoo,北方鷹鵑
3309,Hodgson's Hawk-Cuckoo,棕腹鷹鵑
3316,Lesser Cuckoo,小杜鵑
3318,Indian Cuckoo,四聲杜鵑
3324,Himalayan Cuckoo,喜馬拉雅中杜鵑
3326,Common Cuckoo,大杜鵑
3332,Oriental Cuckoo,北方中杜鵑
3551,Gray Nightjar,普通夜鷹
3623,Savanna Nightjar,南亞夜鷹
3794,White-throated Needletail,白喉針尾雨燕
3797,Silver-backed Needletail,灰喉針尾雨燕
3804,Purple Needletail,紫針尾雨燕
3884,Himalayan Swiftlet,短嘴金絲燕
3940,Germain's Swiftlet,傑曼氏金絲燕
4001,Pacific Swift,叉尾雨燕
4006,Cook's Swift,庫克氏雨燕
4018,House Swift,小雨燕
5122,Brown-cheeked Rail,東亞秧雞
5141,Slaty-breasted Rail,灰胸秧雞
5267,Spotted Crake,斑胸秧雞
5274,Eurasian Moorhen,紅冠水雞
5299,Eurasian Coot,白冠雞
5329,Black-backed Swamphen,紫水雞
5341,Gray-headed Swamphen,灰頭紫水雞
5354,Watercock,董雞
5357,White-breasted Waterhen,白腹秧雞
5368,White-browed Crake,白眉秧雞
5386,Red-legged Crake,紅腳秧雞
5387,Slaty-legged Crake,灰腳秧雞
5396,Ruddy-breasted Crake,緋秧雞
5401,Band-bellied Crake,斑脇秧雞
5402,Brown Crake,紅腳苦惡鳥
5407,Baillon's Crake,小秧雞
5508,Demoiselle Crane,簑羽鶴
5511,Siberian Crane,白鶴
5512,Sandhill Crane,沙丘鶴
5526,White-naped Crane,白枕鶴
5527,Common Crane,灰鶴
5529,Hooded Crane,白頭鶴
5534,Red-crowned Crane,丹頂鶴
5570,Black-winged Stilt,高蹺鴴
5584,Pied Avocet,反嘴鴴
5591,Eurasian Oystercatcher,蠣鴴
5615,Black-bellied Plover,灰斑鴴
5619,American Golden-Plover,美洲金斑鴴
5620,Pacific Golden-Plover,太平洋金斑鴴
5627,Northern Lapwing,小辮鴴
5653,Gray-headed Lapwing,跳鴴
5678,Lesser Sand-Plover,蒙古鴴
5686,Greater Sand-Plover,鐵嘴鴴
5701,Kentish Plover,東方環頸鴴
5717,Common Ringed Plover,環頸鴴
5722,Long-billed Plover,劍鴴
5725,Little Ringed Plover,小環頸鴴
5747,Oriental Plover,東方紅胸鴴
5774,Greater Painted-Snipe,彩鷸
5784,Pheasant-tailed Jacana,水雉
5803,Whimbrel,中杓鷸
5809,Little Curlew,小杓鷸
5814,Far Eastern Curlew,黦鷸
5816,Eurasian Curlew,大杓鷸
5822,Bar-tailed Godwit,斑尾鷸
5827,Black-tailed Godwit,黑尾鷸
5836,Ruddy Turnstone,翻石鷸
5844,Great Knot,大濱鷸
5845,Red Knot,紅腹濱鷸
5855,Ruff,流蘇鷸
5856,Broad-billed Sandpiper,寬嘴鷸
5859,Sharp-tailed Sandpiper,尖尾濱鷸
5860,Stilt Sandpiper,高蹺濱鷸
5861,Curlew Sandpiper,彎嘴濱鷸
5862,Temminck's Stint,丹氏濱鷸
5863,Long-toed Stint,長趾濱鷸
5864,Spoon-billed Sandpiper,琵嘴鷸
5865,Red-necked Stint,紅胸濱鷸
5866,Sanderling,三趾濱鷸
5867,Dunlin,黑腹濱鷸
5890,Little Stint,小濱鷸
5895,Buff-breasted Sandpiper,黃胸鷸
5897,Pectoral Sandpiper,美洲尖尾濱鷸
5901,Western Sandpiper,西濱鷸
5905,Asian Dowitcher,半蹼鷸
5910,Long-billed Dowitcher,長嘴半蹼鷸
5912,Jack Snipe,小鷸
5913,Eurasian Woodcock,山鷸
5932,Solitary Snipe,孤田鷸
5935,Latham's Snipe,大地鷸
5938,Common Snipe,田鷸
5950,Pin-tailed Snipe,針尾鷸
5952,Swinhoe's Snipe,中地鷸
5963,Terek Sandpiper,反嘴鷸
5965,Red-necked Phalarope,紅領瓣足鷸
5966,Red Phalarope,灰瓣足鷸
5969,Common Sandpiper,磯鷸
5972,Green Sandpiper,白腰草鷸
5976,Gray-tailed Tattler,黃足鷸
5977,Wandering Tattler,美洲黃足鷸
5979,Spotted Redshank,鶴鷸
5981,Common Greenshank,青足鷸
5982,Nordmann's Greenshank,諾氏鷸
5987,Lesser Yellowlegs,小黃腳鷸
5989,Marsh Sandpiper,小青足鷸
5990,Wood Sandpiper,鷹斑鷸
5991,Common Redshank,赤足鷸
6001,Small Buttonquail,林三趾鶉
6028,Yellow-legged Buttonquail,黃腳三趾鶉
6034,Barred Buttonquail,棕三趾鶉
6099,Oriental Pratincole,燕鴴
6113,South Polar Skua,灰賊鷗
6119,Pomarine Jaeger,中賊鷗
6120,Parasitic Jaeger,短尾賊鷗
6122,Long-tailed Jaeger,長尾賊鷗
6132,Common Murre,崖海鴉
6174,Ancient Murrelet,扁嘴海雀
6177,Japanese Murrelet,冠海雀
6197,Black-legged Kittiwake,三趾鷗
6203,Sabine's Gull,叉尾鷗
6208,Saunders's Gull,黑嘴鷗
6209,Slender-billed Gull,細嘴鷗
6226,Black-headed Gull,紅嘴鷗
6228,Brown-headed Gull,棕頭鷗
6231,Little Gull,小鷗
6235,Laughing Gull,笑鷗
6238,Franklin's Gull,弗氏鷗
6245,Relict Gull,遺鷗
6248,Pallas's Gull,漁鷗
6252,Black-tailed Gull,黑尾鷗
6257,Mew Gull,海鷗
6275,Herring Gull,銀鷗
6288,Caspian Gull,裏海銀鷗
6302,Lesser Black-backed Gull,小黑背鷗
6313,Slaty-backed Gull,灰背鷗
6321,Glaucous Gull,北極鷗
6342,Brown Noddy,玄燕鷗
6348,Black Noddy,黑玄燕鷗
6378,Sooty Tern,烏領燕鷗
6388,Bridled Tern,白眉燕鷗
6396,Aleutian Tern,白腰燕鷗
6397,Little Tern,小燕鷗
6424,Gull-billed Tern,鷗嘴燕鷗
6432,Caspian Tern,裏海燕鷗
6434,Black Tern,黑浮鷗
6437,White-winged Tern,白翅黑燕鷗
6438,Whiskered Tern,黑腹燕鷗
6444,Roseate Tern,紅燕鷗
6454,Black-naped Tern,蒼燕鷗
6457,Common Tern,燕鷗
6489,Great Crested Tern,鳳頭燕鷗
6494,Sandwich Tern,白嘴端燕鷗
6502,Lesser Crested Tern,小鳳頭燕鷗
6506,Chinese Crested Tern,黑嘴端鳳頭燕鷗
6523,White-tailed Tropicbird,白尾熱帶鳥
6530,Red-billed Tropicbird,紅嘴熱帶鳥
6534,Red-tailed Tropicbird,紅尾熱帶鳥
6541,Red-throated Loon,紅喉潛鳥
6542,Arctic Loon,黑喉潛鳥
6545,Pacific Loon,太平洋潛鳥
6548,Yellow-billed Loon,白嘴潛鳥
6609,Laysan Albatross,黑背信天翁
6610,Black-footed Albatross,黑腳信天翁
6612,Short-tailed Albatross,短尾信天翁
6651,Leach's Storm-Petrel,白腰叉尾海燕
6660,Swinhoe's Storm-Petrel,黑叉尾海燕
6676,Matsudaira's Storm-Petrel,日本叉尾海燕
6677,Tristram's Storm-Petrel,褐翅叉尾海燕
6686,Northern Fulmar,暴風鸌
6739,Bonin Petrel,白腹穴鳥
6773,Bulwer's Petrel,穴鳥
6778,Tahiti Petrel,黑背白腹穴鳥
6789,Streaked Shearwater,大水薙鳥
6796,Flesh-footed Shearwater,肉足水薙鳥
6799,Wedge-tailed Shearwater,長尾水薙鳥
6801,Sooty Shearwater,灰水薙鳥
6802,Short-tailed Shearwater,短尾水薙鳥
6867,Black Stork,黑鸛
6876,White Stork,白鸛
6879,Oriental Stork,東方白鸛
6897,Lesser Frigatebird,白斑軍艦鳥
6905,Great Frigatebird,軍艦鳥
6912,Masked Booby,藍臉鰹鳥
6923,Brown Booby,白腹鰹鳥
6930,Red-footed Booby,紅腳鰹鳥
6960,Red-faced Cormorant,紅臉鸕鷀
6961,Pelagic Cormorant,海鸕鷀
6965,Great Cormorant,鸕鷀
6974,Japanese Cormorant,丹氏鸕鷀
7042,Dalmatian Pelican,卷羽鵜鶘
7053,Great Bittern,大麻鷺
7058,Yellow Bittern,黃小鷺
7065,Schrenck's Bittern,秋小鷺
7066,Cinnamon Bittern,栗小鷺
7069,Black Bittern,黃頸黑鷺
7100,Gray Heron,蒼鷺
7117,Purple Heron,紫鷺
7124,Great Egret,大白鷺
7130,Intermediate Egret,中白鷺
7136,White-faced Heron,白臉鷺
7139,Chinese Egret,唐白鷺
7140,Little Egret,小白鷺
7149,Pacific Reef-Heron,岩鷺
7167,Pied Heron,白頸黑鷺
7170,Cattle Egret,黃頭鷺
7176,Chinese Pond-Heron,池鷺
7177,Javan Pond-Heron,爪哇池鷺
7189,Striated Heron,綠簑鷺
7227,Black-crowned Night-Heron,夜鷺
7232,Rufous Night-Heron,棕夜鷺
7253,Japanese Night-Heron,麻鷺
7254,Malayan Night-Heron,黑冠麻鷺
7268,Glossy Ibis,彩䴉
7296,Black-headed Ibis,黑頭白䴉
7306,Crested Ibis,朱鷺
7320,Eurasian Spoonbill,白琵鷺
7326,Black-faced Spoonbill,黑面琵鷺
7351,Osprey,魚鷹
7360,Black-winged Kite,黑翅鳶
7398,Oriental Honey-buzzard,東方蜂鷹
7440,Black Baza,黑冠鵑隼
7447,Cinereous Vulture,禿鷲
7476,Crested Serpent-Eagle,大冠鷲
7532,Mountain Hawk-Eagle,熊鷹
7559,Black Eagle,林鵰
7564,Greater Spotted Eagle,花鵰
7569,Booted Eagle,靴雕
7582,Imperial Eagle,白肩鵰
7596,Bonelli's Eagle,白腹鵰
7637,Gray-faced Buzzard,灰面鵟鷹
7652,Hen Harrier,灰澤鵟
7656,Pied Harrier,花澤鵟
7662,Crested Goshawk,鳳頭蒼鷹
7689,Shikra,褐耳鷹
7702,Chinese Sparrowhawk,赤腹鷹
7771,Japanese Sparrowhawk,日本松雀鷹
7776,Besra,松雀鷹
7805,Eurasian Sparrowhawk,北雀鷹
7846,Northern Goshawk,蒼鷹
7867,Black Kite,黑鳶
7880,Brahminy Kite,栗鳶
7889,White-tailed Eagle,白尾海鵰
7891,Steller's Sea-Eagle,虎頭海鵰
7892,White-bellied Sea-Eagle,白腹海鵰
8031,Rough-legged Hawk,毛足鵟
8040,Common Buzzard,歐亞鵟
8050,Eastern Buzzard,東方鵟
8067,Upland Buzzard,大鵟
8102,Australasian Grass-Owl,草鴞
8167,Mountain Scops-Owl,黃嘴角鴞
8186,Collared Scops-Owl,領角鴞
8225,Ryukyu Scops-Owl,蘭嶼角鴞
8268,Oriental Scops-Owl,東方角鴞
8414,Eurasian Eagle-Owl,鵰鴞
8474,Tawny Fish-Owl,黃魚鴞
8491,Collared Owlet,鵂鶹
8589,Little Owl,縱紋腹小鴞
8656,Brown Wood-Owl,褐林鴞
8683,Himalayan Owl,東方灰林鴞
8725,Long-eared Owl,長耳鴞
8748,Short-eared Owl,短耳鴞
8833,Northern Boobook,褐鷹鴞
9081,Eurasian Hoopoe,戴勝
9306,Common Kingfisher,翠鳥
9364,Black-backed Dwarf-Kingfisher,三趾翠鳥
9460,Ruddy Kingfisher,赤翡翠
9474,White-throated Kingfisher,蒼翡翠
9487,Black-capped Kingfisher,黑頭翡翠
9583,Collared Kingfisher,白領翡翠
9698,Pied Kingfisher,斑翡翠
9766,Blue-throated Bee-eater,藍喉蜂虎
9774,Blue-tailed Bee-eater,栗喉蜂虎
9776,Rainbow Bee-eater,彩虹蜂虎
9816,Dollarbird,佛法僧
10210,Taiwan Barbet,五色鳥
10432,Eurasian Wryneck,地啄木
10656,Gray-capped Woodpecker,小啄木
10743,White-backed Woodpecker,大赤啄木
11045,Gray-headed Woodpecker,綠啄木
11376,Eurasian Kestrel,紅隼
11437,Amur Falcon,紅腳隼
11441,Merlin,灰背隼
11452,Eurasian Hobby,燕隼
11487,Peregrine Falcon,遊隼
11564,Tanimbar Corella,戈芬氏鳳頭鸚鵡
11573,Sulphur-crested Cockatoo,葵花鳳頭鸚鵡
11581,White Cockatoo,白鳳頭鸚鵡
11583,Cockatiel,雞尾鸚鵡
11708,Alexandrine Parakeet,亞歷山大鸚鵡
11715,Rose-ringed Parakeet,紅領綠鸚鵡
11917,Budgerigar,虎皮鸚鵡
12009,Red Lory,紅色吸蜜鸚鵡
12100,Fischer's Lovebird,費氏愛情鳥
12107,Gray Parrot,灰鸚鵡
12166,Monk Parakeet,和尚鸚鵡
12705,Blue-winged Pitta,藍翅八色鳥
12706,Fairy Pitta,八色鳥
12707,Hooded Pitta,綠胸八色鳥
17761,Gray-chinned Minivet,灰喉山椒鳥
17779,Long-tailed Minivet,長尾山椒鳥
17787,Scarlet Minivet,赤紅山椒鳥
17811,Ryukyu Minivet,琉球山椒鳥
17812,Ashy Minivet,灰山椒鳥
17814,Brown-rumped Minivet,小灰山椒鳥
17816,Rosy Minivet,粉紅山椒鳥
17893,Large Cuckooshrike,花翅山椒鳥
18006,Pied Triller,黑原鵑鵙
18013,Black-winged Cuckooshrike,黑翅山椒鳥
18203,White-bellied Erpornis,綠畫眉
18760,Black-naped Oriole,黃鸝
18821,Maroon Oriole,朱鸝
18855,White-breasted Woodswallow,白胸燕鵙
19538,Black Drongo,大卷尾
19546,Ashy Drongo,灰卷尾
19571,Crow-billed Drongo,鴉嘴卷尾
19572,Bronzed Drongo,小卷尾
19581,Hair-crested Drongo,髮冠卷尾
19778,Black-naped Monarch,黑枕藍鶲
19812,Japanese Paradise-Flycatcher,紫綬帶
19816,Amur Paradise-Flycatcher,阿穆爾綬帶
20111,Tiger Shrike,虎紋伯勞
20112,Bull-headed Shrike,紅頭伯勞
20115,Red-backed Shrike,紅背伯勞
20124,Brown Shrike,紅尾伯勞
20131,Burmese Shrike,栗背伯勞
20138,Long-tailed Shrike,棕背伯勞
20198,Chinese Gray Shrike,楔尾伯勞
20422,Eurasian Jay,松鴉
20474,Azure-winged Magpie,灰喜鵲
20485,Taiwan Blue-Magpie,台灣藍鵲
20491,Red-billed Blue-Magpie,紅嘴藍鵲
20527,Gray Treepie,樹鵲
20548,Oriental Magpie,喜鵲
20549,Eurasian Magpie,西方喜鵲
20567,Eurasian Nutcracker,星鴉
20600,Daurian Jackdaw,東方寒鴉
20601,House Crow,家烏鴉
20635,Rook,禿鼻鴉
20656,Carrion Crow,小嘴烏鴉
20667,Large-billed Crow,巨嘴鴉
20696,Collared Crow,玉頸鴉
20994,Gray-headed Canary-Flycatcher,方尾鶲
21019,Coal Tit,煤山雀
21051,Yellow-bellied Tit,黃腹山雀
21075,Chestnut-bellied Tit,赤腹山雀
21077,Varied Tit,雜色山雀
21235,Green-backed Tit,青背山雀
21271,Japanese Tit,白頰山雀
21284,Taiwan Yellow Tit,黃山雀
21347,Chinese Penduline-Tit,攀雀
21691,Greater Short-toed Lark,大短趾百靈
21699,Sykes's Short-toed Lark,賽氏短趾百靈
21728,Asian Short-toed Lark,亞洲短趾百靈
21778,Eurasian Skylark,歐亞雲雀
21795,Oriental Skylark,小雲雀
22237,Striated Prinia,斑紋鷦鶯
22296,Yellow-bellied Prinia,灰頭鷦鶯
22322,Plain Prinia,褐頭鷦鶯
22558,Zitting Cisticola,棕扇尾鶯
22627,Golden-headed Cisticola,黃頭扇尾鶯
22654,Thick-billed Warbler,厚嘴葦鶯
22657,Booted Warbler,靴籬鶯
22681,Black-browed Reed Warbler,雙眉葦鶯
22682,Streaked Reed Warbler,細紋葦鶯
22688,Paddyfield Warbler,稻田葦鶯
22689,Blunt-winged Warbler,鈍翅葦鶯
22693,Manchurian Reed Warbler,遠東葦鶯
22694,Blyth's Reed Warbler,布氏葦鶯
22736,Oriental Reed Warbler,東方大葦鶯
22909,Gray's Grasshopper-Warbler,蒼眉蝗鶯
22910,Sakhalin Grasshopper-Warbler,庫頁島蝗鶯
22915,Pallas's Grasshopper-Warbler,小蝗鶯
22920,Middendorff's Grasshopper-Warbler,北蝗鶯
22923,Pleske's Grasshopper-Warbler,史氏蝗鶯
22925,Lanceolated Warbler,矛斑蝗鶯
22960,Taiwan Bush Warbler,台灣叢樹鶯
22962,Russet Bush Warbler,赤褐蝗鶯
23002,Taiwan Cupwing,台灣鷦眉
23101,Gray-throated Martin,棕沙燕
23105,Bank Swallow,灰沙燕
23112,Pale Sand Martin,淺灰沙燕
23153,Barn Swallow,家燕
23181,Pacific Swallow,洋燕
23199,Red-rumped Swallow,金腰燕
23212,Striated Swallow,赤腰燕
23269,Common House-Martin,白腹毛腳燕
23275,Asian House-Martin,東方毛腳燕
23498,Collared Finchbill,白環鸚嘴鵯
23508,Styan's Bulbul,烏頭翁
23519,Red-whiskered Bulbul,紅耳鵯
23533,Light-vented Bulbul,白頭翁
23564,Sooty-headed Bulbul,白喉紅臀鵯
23715,Black Bulbul,紅嘴黑鵯
23734,Brown-eared Bulbul,棕耳鵯
23776,Chestnut Bulbul,栗背短腳鵯
23794,Wood Warbler,林柳鶯
23804,Yellow-browed Warbler,黃眉柳鶯
23805,Hume's Warbler,淡眉柳鶯
23810,Chinese Leaf Warbler,雲南柳鶯
23811,Pallas's Leaf Warbler,黃腰柳鶯
23819,Radde's Warbler,巨嘴柳鶯
23820,Yellow-streaked Warbler,棕眉柳鶯
23824,Tickell's Leaf Warbler,黃腹柳鶯
23830,Dusky Warbler,褐色柳鶯
23841,Buff-throated Warbler,棕腹柳鶯
23842,Willow Warbler,歐亞柳鶯
23846,Mountain Chiffchaff,東方嘰咋柳鶯
23852,Common Chiffchaff,嘰喳柳鶯
23872,Eastern Crowned Warbler,冠羽柳鶯
23873,Ijima's Leaf Warbler,飯島柳鶯
23902,White-spectacled Warbler,白眶鶲鶯
23913,Bianchi's Warbler,比氏鶲鶯
23918,Alström's Warbler,淡尾鶲鶯
23922,Greenish Warbler,暗綠柳鶯
23929,Two-barred Warbler,雙斑綠柳鶯
23934,Pale-legged Leaf Warbler,淡腳柳鶯
23935,Sakhalin Leaf Warbler,庫頁島柳鶯
23937,Japanese Leaf Warbler,日本柳鶯
23938,Arctic Warbler,極北柳鶯
23944,Kamchatka Leaf Warbler,勘察加柳鶯
23947,Chestnut-crowned Warbler,栗頭鶲鶯
23971,Sulphur-breasted Warbler,黑眉柳鶯
23978,Claudia's Leaf Warbler,克氏冠紋柳鶯
23979,Hartert's Leaf Warbler,哈氏冠紋柳鶯
24074,Asian Stubtail,短尾鶯
24111,Rufous-faced Warbler,棕面鶯
24146,Manchurian Bush Warbler,遠東樹鶯
24159,Brownish-flanked Bush Warbler,小鶯
24166,Yellowish-bellied Bush Warbler,深山鶯
24218,Black-throated Tit,紅頭山雀
24269,Asian Desert Warbler,漠地林鶯
24393,Taiwan Fulvetta,褐頭花翼
24440,Vinous-throated Parrotbill,粉紅鸚嘴
24476,Golden Parrotbill,黃羽鸚嘴
24491,Indochinese Yuhina,栗耳鳳鶥
24511,Taiwan Yuhina,冠羽畫眉
24644,Chestnut-flanked White-eye,紅脇繡眼
24686,Lowland White-eye,低地繡眼
24927,Rufous-capped Babbler,山紅頭
24994,Taiwan Scimitar-Babbler,小彎嘴
25030,Black-necklaced Scimitar-Babbler,大彎嘴
25131,Dusky Fulvetta,頭烏線
25345,Morrison's Fulvetta,繡眼畫眉
25488,Masked Laughingthrush,黑臉噪鶥
25523,Chinese Hwamei,大陸畫眉
25526,Taiwan Hwamei,台灣畫眉
25566,Rufous-crowned Laughingthrush,台灣白喉噪眉
25569,Black-throated Laughingthrush,黑喉噪眉
25594,Rusty Laughingthrush,棕噪眉
25603,White-browed Laughingthrush,白頰噪眉
25650,White-whiskered Laughingthrush,台灣噪眉
25700,White-eared Sibia,白耳畫眉
25742,Steere's Liocichla,黃胸藪眉
25762,Taiwan Barwing,紋翼畫眉
25801,Goldcrest,戴菊鳥
25818,Flamecrest,火冠戴菊鳥
25836,Eurasian Nuthatch,茶腹鳾
26188,Eurasian Wren,鷦鷯
26596,Brown Dipper,河烏
26659,Asian Glossy Starling,輝椋鳥
26727,Common Hill Myna,九官鳥
26739,European Starling,歐洲椋鳥
26755,Rosy Starling,粉紅椋鳥
26756,Daurian Starling,北椋鳥
26757,Chestnut-cheeked Starling,小椋鳥
26759,Black-collared Starling,黑領椋鳥
26760,Asian Pied Starling,斑椋鳥
26771,White-shouldered Starling,灰背椋鳥
26773,Chestnut-tailed Starling,灰頭椋鳥
26782,Red-billed Starling,絲光椋鳥
26783,White-cheeked Starling,灰椋鳥
26784,Common Myna,家八哥
26787,Bank Myna,岸八哥
26788,Vinous-breasted Starling,葡萄胸椋鳥
26795,Jungle Myna,林八哥
26801,Javan Myna,白尾八哥
26804,Great Myna,大八哥(叢八哥)
26806,Crested Myna,八哥(冠八哥)
26866,Long-tailed Glossy Starling,長尾麗椋鳥
26879,Superb Starling,栗頭麗椋鳥
27117,White's Thrush,白氏地鶇
27120,Scaly Thrush,虎斑地鶇
27258,Siberian Thrush,白眉地鶇
27308,Orange-headed Thrush,橙頭地鶇
27325,Chinese Thrush,寶興歌鶇
27357,Eurasian Blackbird,歐亞黑鶇
27427,Chinese Blackbird,中國黑鶇
27557,Taiwan Thrush,白頭鶇
27567,Japanese Thrush,烏灰鶇
27568,Gray-backed Thrush,灰背鶇
27571,Gray-sided Thrush,褐頭鶇
27572,Eyebrowed Thrush,白眉鶇
27574,Brown-headed Thrush,赤腹鶇
27578,Pale Thrush,白腹鶇
27647,Black-throated Thrush,黑頸鶇
27648,Red-throated Thrush,赤頸鶇
27650,Dusky Thrush,斑點鶇
27651,Naumann's Thrush,紅尾鶇
27656,Gray-streaked Flycatcher,灰斑鶲
27657,Dark-sided Flycatcher,烏鶲
27663,Ferruginous Flycatcher,紅尾鶲
27664,Asian Brown Flycatcher,寬嘴鶲
27669,Brown-breasted Flycatcher,褐胸鶲
27688,Spotted Flycatcher,斑鶲
27862,Oriental Magpie-Robin,鵲鴝
27879,White-rumped Shama,白腰鵲鴝
27930,Hainan Blue Flycatcher,海南藍仙鶲
27996,Brown-chested Jungle-Flycatcher,白喉林鶲
28026,Fujian Niltava,棕腹大仙鶲
28027,Rufous-bellied Niltava,棕腹仙鶲
28032,Vivid Niltava,黃腹琉璃
28036,Blue-and-white Flycatcher,白腹琉璃
28039,Zappey's Flycatcher,琉璃藍鶲
28048,Verditer Flycatcher,銅藍鶲
28213,Lesser Shortwing,白喉短翅鶇
28237,Rufous-tailed Robin,紅尾歌鴝
28239,Japanese Robin,日本歌鴝
28244,Ryukyu Robin,琉球歌鴝
28252,Siberian Blue Robin,藍歌鴝
28266,Bluethroat,藍喉鴝
28288,Taiwan Whistling-Thrush,台灣紫嘯鶇
28289,Blue Whistling-Thrush,白斑紫嘯鶇
28298,Little Forktail,小剪尾
28323,Siberian Rubythroat,野鴝
28330,White-tailed Robin,白尾鴝
28341,Red-flanked Bluetail,藍尾鴝
28345,White-browed Bush-Robin,白眉林鴝
28352,Collared Bush-Robin,栗背林鴝
28355,Yellow-rumped Flycatcher,白眉鶲
28356,Green-backed Flycatcher,綠背姬鶲
28357,Narcissus Flycatcher,黃眉黃鶲
28361,Mugimaki Flycatcher,白眉黃鶲
28362,Slaty-backed Flycatcher,銹胸藍姬鶲
28369,Snowy-browed Flycatcher,黃胸青鶲
28386,Rufous-gorgeted Flycatcher,橙胸姬鶲
28406,Taiga Flycatcher,紅喉鶲
28408,Red-breasted Flycatcher,紅胸鶲
28449,Blue-fronted Redstart,藍額紅尾鴝
28450,Plumbeous Redstart,鉛色水鶇
28455,White-capped Redstart,白頂溪鴝
28467,Black Redstart,赭紅尾鴝
28479,Daurian Redstart,黃尾鴝
28487,White-throated Rock-Thrush,白喉磯鶇
28501,Blue Rock-Thrush,藍磯鶇
28524,Siberian Stonechat,黑喉鴝
28555,Pied Bushchat,白斑黑石䳭
28573,Gray Bushchat,灰叢鴝
28629,Northern Wheatear,穗䳭
28642,Isabelline Wheatear,沙䳭
28645,Desert Wheatear,漠䳭
28650,Pied Wheatear,白頂䳭
28726,Bohemian Waxwing,黃連雀
28732,Japanese Waxwing,朱連雀
28864,Plain Flowerpecker,綠啄花
28914,Fire-breasted Flowerpecker,紅胸啄花
29270,Olive-backed Sunbird,黃腹花蜜鳥
29335,Mrs. Gould's Sunbird,藍喉太陽鳥
29376,Fork-tailed Sunbird,叉尾太陽鳥
29477,Blue-winged Leafbird,藍翅葉鵯
29490,Golden-fronted Leafbird,金額葉鵯
29499,Orange-bellied Leafbird,橙腹葉鵯
29608,African Golden-Weaver,非洲金織雀
29651,Village Weaver,黑頭織雀
29880,Orange-cheeked Waxbill,橙頰梅花雀
29886,Common Waxbill,橫斑梅花雀
30013,Red Avadavat,紅梅花雀
30126,Indian Silverbill,白喉文鳥
30131,White-rumped Munia,白腰文鳥
30145,Scaly-breasted Munia,斑文鳥
30178,Chestnut Munia,黑頭文鳥
30193,White-headed Munia,白頭文鳥
30236,Java Sparrow,爪哇雀
30241,Pin-tailed Whydah,針尾維達雀
30277,Alpine Accentor,岩鷚
30294,Siberian Accentor,棕眉山岩鷚
30329,House Sparrow,家麻雀
30357,Russet Sparrow,山麻雀
30395,Eurasian Tree Sparrow,麻雀
30457,Forest Wagtail,山鶺鴒
30468,Gray Wagtail,灰鶺鴒
30472,Western Yellow Wagtail,西方黃鶺鴒
30490,Eastern Yellow Wagtail,東方黃鶺鴒
30497,Citrine Wagtail,黃頭鶺鴒
30505,Japanese Wagtail,日本鶺鴒
30509,White Wagtail,白鶺鴒
30536,Richard's Pipit,大花鷚
30596,Blyth's Pipit,布萊氏鷚
30638,Meadow Pipit,草地鷚
30641,Rosy Pipit,粉紅胸鷚
30642,Tree Pipit,林鷚
30646,Olive-backed Pipit,樹鷚
30650,Pechora Pipit,白背鷚
30655,Red-throated Pipit,赤喉鷚
30656,Water Pipit,水鷚
30667,American Pipit,黃腹鷚
30754,Brambling,花雀
30873,Hawfinch,臘嘴雀
30879,Yellow-billed Grosbeak,小桑鳲
30882,Japanese Grosbeak,桑鳲
30928,Common Rosefinch,普通朱雀
30955,Taiwan Rosefinch,台灣朱雀
30986,Pallas's Rosefinch,北朱雀
31010,Brown Bullfinch,褐鷽
31022,Gray-headed Bullfinch,灰鷽
31028,Eurasian Bullfinch,歐亞鷽
31116,Oriental Greenfinch,金翅雀
31138,Yellow-fronted Canary,黃額絲雀
31254,Common Redpoll,普通朱頂雀
31269,Red Crossbill,紅交嘴雀
31360,Eurasian Siskin,黃雀
31423,Lapland Longspur,鐵爪鵐
31431,Snow Bunting,雪鵐
31451,Crested Bunting,冠鵐
31452,Black-headed Bunting,黑頭鵐
31453,Red-headed Bunting,褐頭鵐
31457,Chestnut-eared Bunting,赤胸鵐
31476,Meadow Bunting,草鵐
31485,White-capped Bunting,白頂鵐
31490,Pine Bunting,白頭鵐
31544,Yellow-throated Bunting,黃喉鵐
31548,Ochre-rumped Bunting,紅頸葦鵐
31551,Pallas's Bunting,葦鵐
31555,Reed Bunting,蘆鵐
31572,Yellow-breasted Bunting,金鵐
31575,Little Bunting,小鵐
31576,Rustic Bunting,田鵐
31579,Yellow Bunting,野鵐
31580,Black-faced Bunting,黑臉鵐
31585,Chestnut Bunting,銹鵐
31586,Yellow-browed Bunting,黃眉鵐
31587,Tristram's Bunting,白眉鵐
31588,Gray Bunting,灰鵐
33306,Red-crested Cardinal,紅冠唐納雀
